{
  "rows": 1922,
  "columns": 25,
  "registered_rate": 0.8548387096774194,
  "attended_rate": 0.4084287200832466,
  "newsletter_optin_rate": 0.7877211238293444
}